Product Name,Price
"poppi A Healthy Sparkling Prebiotic Soda, w/ Real Fruit Juice, Gut Health & Immunity Benefits, 12pk 12oz Cans, Beach Party Variety Pack (Strawberry Lemonade| Lime Ginger| Pineapple Mango| Orange)",$35.88
"poppi A Healthy Sparkling Prebiotic Soda, w/ Real Fruit Juice, Gut Health & Immunity Benefits, 12pk 12oz Cans, The Short List Variety Pack (Strawberry Lemonade| Lime Ginger| Raspberry Rose| Blueberry)",$35.88
"Baking Soda (1 Gallon Bucket), Highest Purity, Aluminum Free, Food & USP Grade, For Cooking, Baking, Cleaning, & More!",$29.99
Jacquard Products Soda Ash Dye Fixer 5 Pound,$11.73
"2 Pack - Stackable Beverage Soda Can Dispenser Organizer Rack, Bronze",$18.87
"Arm & Hammer Pure Baking Soda, 8 oz",$3.91
Bob's Red Mill Pure Baking Soda -- 16 oz (Pack of 2),$12.55
"6-Pack, Clear Color, Soda or Beverage Can Lid, Cover or Protector",$9.95
"Sparkling Ice, Peach Nectarine Sparkling Water, with Antioxidants and Vitamins, Zero Sugar, 17 fl oz Bottles (Pack of 12)",$9.91
"PURE Sodium Bicarbonate (Baking Soda) (2 lb.), Eco-Friendly Packaging, Highest Purity, Food Grade",$10.49
"Perrier Pink Grapefruit Flavored Carbonated Mineral Water, 8.45 Fl Oz (30 Pack) Slim Cans",$22.88
"Perrier Carbonated Mineral Water, 16.9 Fl Oz (24 Pack) Plastic Bottles",$14.83
"Set of 4 Refrigerator Organizer Bins Pop Soda Can Dispenser Beverage Holder for Fridge, Freezer, Kitchen, Countertops, Cabinets - Clear Plastic Canned Food Pantry Storage Rack",$19.99
"Greenco Refrigerator and Freezer Drink Holder Storage Bin, 13.5""x 5.5""x 3.75"", Clear-(2 Pack)",$14.99
"Dr. Browns Soda, Diet Black Cherry, 12 oz can (Pack of 18, Total 216 Oz)",$32.85
Sorbus Soda Can Rack Beverage Dispenser – Dispenses 12 Standard Size 12oz Soda Cans (White),$18.99
"Bioré Baking Soda Cleansing Scrub, 4.5 Ounces, for Combination Skin, Water-Activated Powder for a Deep Clean and Gentle Exfoliation",$9.99
"Tab, 12 fl oz (pack of 12)",$36.99
"Crest Baking Soda Peroxide Whitening Tartar Toothpaste, 2.9 Oz, Fresh Mint, Pack of 4",$13.95
"Baking Soda (1 Gallon) Natural for Cooking, Baking, Cleaning, Deodorizing, & More by Earthborn Elements",$31.95
"New Wave Soda Natural Soda Canned Fruit Juice - Healthy Soda Tangerine Caffeinated Sparkling Water | Vegan, Keto, Gluten Free, Recycle - 12 Pack",$17.38
"No1 Botanicals Juniper Water – stimulating and refreshing, sparkling botanical water. No sugars, sweeteners or preservatives – healthy, luxurious drinks containing 20 calories per bottle (12x330ml)",$45.00
"Organic Clean Energy Drink by RUNA, Berry | Refreshing Tea Taste | 10 Calories | Powerful Natural Caffeine | Healthy Energy & Focus | No Crash or Jitters | 8.4 oz (Pack of 24)",$37.99
"Bing Beverage Company Bing Black, 12 Fl Oz (Pack of 24)",$44.95
"Monster Energy Zero Ultra, Sugar Free Energy Drink, 10.5 Ounce (Pack of 12)",$19.99
"CELSIUS Fitness Drink Variety Pack, Zero Sugar, 12oz. Slim Can (Pack of 12)",$23.99
"Sparkling Ice Purple Variety Pack, 17 fl oz, 12 count (Black Raspberry, Cherry Limeade, Orange Mango, Kiwi Strawberry)",$9.98
"BODYARMOR Sports Drink Sports Beverage, Fruit Punch, Natural Flavors With Vitamins, Potassium-Packed Electrolytes, No Preservatives, Perfect For Athletes, 16 Fl Oz (Pack of 12)",$11.96
"V8 +Energy, Healthy Energy Drink, Natural Energy from Tea, Peach Mango, 8 Ounce Can (4 Packs of 6, Total of 24)",$14.96
"BODYARMOR LYTE Sports Drink Low-Calorie Sports Beverage, Peach Mango, Natural Flavors With Vitamins, Potassium-Packed Electrolytes, No Preservatives, Perfect For Athletes, 16 Fl Oz (Pack of 12)",$11.98
"VPX Bang Radical Skadattle Energy Drink, 0 Calories, Sugar Free with Super Creatine, 16 Fl Oz (Pack of 12)",$23.76
"Core Power Elite High Protein Shakes (42g), chocolate, Ready to Drink for Workout Recovery, 14 fl oz Bottles (12 Pack)",$35.88
"V8 Sparkling +Energy, Healthy Energy Drink, Natural Energy from Tea, Lemon Lime, 11.5 Ounce Can",$15.15
"V8 +Energy Variety Pack, Healthy Energy Drink, Black Cherry and Pomegranate Blueberry, 8 Ounce Can (4 Packs of 6, Total of 24)",$22.86
"CELSIUS Cranberry Lemon On-the-Go Powder Stick Packs, Zero Sugar (14 Sticks per Pack)",$11.96
"Fairlife Core Power High Protein Milk Shake, Chocolate, 14 FL Oz Pack of 12",$30.23
"Amp Energy, Original, Caffeine, B Vitamins, 16 Fl Oz. Cans (12 Pack)",$19.99
"V8 Sparkling +Energy, Healthy Energy Drink, Natural Energy from Tea, Orange Pineapple, 11.5oz Ounce Can (Pack of 12)",$14.82
"Zipfizz Healthy Energy Drink Mix, Hydration with B12 and Multi Vitamins, Variety Pack, 30 Count, 0.38 Ounce (Pack of 30)",$27.99
"Hiball Energy Grapefruit Sparkling Energy Water, Zero Sugar and Zero Calorie Energy Drink, 16 Fluid Ounce Cans, 8 Count",$20.00
"Fairlife Core Power Elite High Protein Shake 42g, Vanilla, Ready To Drink for Workout Recovery, 14 FL Oz Bottles 12 Pack",$39.36
"Zevia Zero Calorie Energy Drink, Variety Pack, 12 Ounce Cans (Pack of 12)",$19.99
"Perrier Pink Grapefruit Flavored Carbonated Mineral Water, 8.45 Fl Oz (30 Pack) Slim Cans",$22.88
"Neuro SLEEP Peach Apricot, 14.5 Fl Oz (Pack of 12)",$29.99
